state,category,Biden,Bloomberg,Booker,Buttigieg,Klobuchar,Sanders,Steyer,Warren,Yang,weight,Bidendel,Bloombergdel,Bookerdel,Buttigiegdel,Klobuchardel,Sandersdel,Steyerdel,Warrendel,Yangdel,transition,delegatecount
Iowa,Polling,690.0,0.0,0.0,0.0,0.0,0.0,0.0,0.0,0.0,433.7843762846669,,,,,,,,,,,41.0
New Hampshire,Polling,590.0,0.0,0.0,0.0,0.0,0.0,0.0,0.0,0.0,510.98313652338993,,,,,,,,,,,24.0
Nevada,Polling,1850.0,0.0,0.0,0.0,0.0,0.0,0.0,5.0,0.0,107.87186540569294,,,,,,,,,,,36.0
South Carolina,Polling,1570.0,0.0,0.0,0.0,0.0,0.0,0.0,0.0,0.0,127.75046659519127,,,,,,,,,,,54.0
Alabama,Polling,9280.0,0.0,0.0,0.0,0.0,0.0,0.0,0.0,0.0,21.553020619650972,,,,,,,,,,,52.0
American Samoa,Polling,10000.0,0.0,0.0,0.0,0.0,0.0,0.0,0.0,0.0,20.0,,,,,,,,,,,6.0
Arkansas,Polling,5910.0,0.0,0.0,0.0,0.0,0.0,0.0,0.0,0.0,33.861640813748274,,,,,,,,,,,31.0
California,Polling,1490.0,0.0,0.0,0.0,0.0,0.0,0.0,0.0,0.0,133.83507256676762,,,,,,,,,,,416.0
Colorado,Polling,8350.0,0.0,0.0,0.0,0.0,0.0,0.0,0.0,0.0,23.947791501474327,,,,,,,,,,,67.0
Democrats Abroad,Polling,10000.0,0.0,0.0,0.0,0.0,0.0,0.0,0.0,0.0,20.0,,,,,,,,,,,13.0
Maine,Polling,7450.0,0.0,0.0,0.0,0.0,0.0,0.0,0.0,0.0,26.856474001775602,,,,,,,,,,,24.0
Massachusetts,Polling,5030.0,0.0,0.0,0.0,0.0,0.0,0.0,0.0,0.0,39.75557431515255,,,,,,,,,,,91.0
Minnesota,Polling,8770.0,0.0,0.0,0.0,0.0,0.0,0.0,0.0,0.0,22.81604932840053,,,,,,,,,,,75.0
North Carolina,Polling,2420.0,0.0,0.0,0.0,0.0,0.0,0.0,0.0,0.0,82.54831028587442,,,,,,,,,,,110.0
Oklahoma,Polling,9470.0,0.0,0.0,0.0,0.0,0.0,0.0,0.0,0.0,21.12569838634608,,,,,,,,,,,37.0
Tennessee,Polling,9830.0,0.0,0.0,0.0,0.0,0.0,0.0,0.0,0.0,20.35276257387478,,,,,,,,,,,64.0
Texas,Polling,2360.0,0.0,0.0,0.0,0.0,0.0,0.0,0.0,0.0,84.6390459268025,,,,,,,,,,,228.0
Utah,Polling,6820.0,0.0,0.0,0.0,0.0,0.0,0.0,0.0,0.0,29.325985970244254,,,,,,,,,,,29.0
Vermont,Polling,10000.0,0.0,0.0,0.0,0.0,0.0,0.0,0.0,0.0,20.0,,,,,,,,,,,16.0
Virginia,Polling,7900.0,0.0,0.0,0.0,0.0,0.0,0.0,0.0,0.0,25.321987067224043,,,,,,,,,,,99.0
Idaho,Polling,10000.0,0.0,0.0,0.0,0.0,0.0,0.0,0.0,0.0,20.0,,,,,,,,,,,20.0
Michigan,Polling,5090.0,0.0,0.0,0.0,0.0,0.0,0.0,0.0,0.0,39.33038881751595,,,,,,,,,,,125.0
Mississippi,Polling,9280.0,0.0,0.0,0.0,0.0,0.0,0.0,0.0,0.0,21.562732523041333,,,,,,,,,,,36.0
Missouri,Polling,6710.0,0.0,0.0,0.0,0.0,0.0,0.0,0.0,0.0,29.827967205854133,,,,,,,,,,,68.0
North Dakota,Polling,10000.0,0.0,0.0,0.0,0.0,0.0,0.0,0.0,0.0,20.0,,,,,,,,,,,14.0
Ohio,Polling,5760.0,0.0,0.0,0.0,0.0,0.0,0.0,0.0,0.0,34.720703103092546,,,,,,,,,,,136.0
Washington,Polling,4020.0,0.0,0.0,0.0,0.0,0.0,0.0,0.0,0.0,49.71288141730494,,,,,,,,,,,89.0
Northern Marianas,Polling,10000.0,0.0,0.0,0.0,0.0,0.0,0.0,0.0,0.0,20.0,,,,,,,,,,,6.0
Arizona,Polling,5770.0,0.0,0.0,0.0,0.0,0.0,0.0,0.0,0.0,34.69048869985352,,,,,,,,,,,67.0
Florida,Polling,2320.0,0.0,0.0,0.0,0.0,0.0,0.0,0.0,0.0,86.08619316286158,,,,,,,,,,,219.0
Illinois,Polling,7570.0,0.0,0.0,0.0,0.0,0.0,0.0,0.0,0.0,26.42833978467934,,,,,,,,,,,155.0
Georgia,Polling,3490.0,0.0,0.0,0.0,0.0,0.0,0.0,0.0,0.0,57.3707180412693,,,,,,,,,,,105.0
Alaska,Polling,10000.0,0.0,0.0,0.0,0.0,0.0,0.0,0.0,0.0,20.0,,,,,,,,,,,15.0
Hawaii,Polling,10000.0,0.0,0.0,0.0,0.0,0.0,0.0,0.0,0.0,20.0,,,,,,,,,,,24.0
Louisiana,Polling,10000.0,0.0,0.0,0.0,0.0,0.0,0.0,0.0,0.0,20.0,,,,,,,,,,,54.0
Wyoming,Polling,10000.0,0.0,0.0,0.0,0.0,0.0,0.0,0.0,0.0,20.0,,,,,,,,,,,14.0
Wisconsin,Polling,2850.0,0.0,0.0,0.0,0.0,0.0,0.0,0.0,0.0,70.26024240844546,,,,,,,,,,,84.0
Connecticut,Polling,8470.0,0.0,0.0,0.0,0.0,0.0,0.0,0.0,0.0,23.6249341176079,,,,,,,,,,,60.0
Delaware,Polling,8260.0,0.0,0.0,0.0,0.0,0.0,0.0,0.0,0.0,24.211121473645157,,,,,,,,,,,21.0
Maryland,Polling,9310.0,0.0,0.0,0.0,0.0,0.0,0.0,0.0,0.0,21.480888225141122,,,,,,,,,,,96.0
New York,Polling,5860.0,0.0,0.0,0.0,0.0,0.0,0.0,0.0,0.0,34.14291909123498,,,,,,,,,,,274.0
Pennsylvania,Polling,4020.0,0.0,0.0,0.0,0.0,0.0,0.0,0.0,0.0,49.71838999309519,,,,,,,,,,,186.0
Rhode Island,Polling,10000.0,0.0,0.0,0.0,0.0,0.0,0.0,0.0,0.0,20.0,,,,,,,,,,,26.0
Guam,Polling,10000.0,0.0,0.0,0.0,0.0,0.0,0.0,0.0,0.0,20.0,,,,,,,,,,,7.0
Kansas,Polling,10000.0,0.0,0.0,0.0,0.0,0.0,0.0,0.0,0.0,20.0,,,,,,,,,,,39.0
Indiana,Polling,9710.0,0.0,0.0,0.0,0.0,0.0,0.0,0.0,0.0,20.60177852423113,,,,,,,,,,,82.0
Nebraska,Polling,10000.0,0.0,0.0,0.0,0.0,0.0,0.0,0.0,0.0,20.0,,,,,,,,,,,29.0
West Virginia,Polling,10000.0,0.0,0.0,0.0,0.0,0.0,0.0,0.0,0.0,20.0,,,,,,,,,,,28.0
Kentucky,Polling,10000.0,0.0,0.0,0.0,0.0,0.0,0.0,0.0,0.0,20.0,,,,,,,,,,,54.0
Oregon,Polling,9710.0,0.0,0.0,0.0,0.0,0.0,0.0,0.0,0.0,20.598050069793494,,,,,,,,,,,61.0
District of Columbia,Polling,10000.0,0.0,0.0,0.0,0.0,0.0,0.0,0.0,0.0,20.0,,,,,,,,,,,20.0
Montana,Polling,10000.0,0.0,0.0,0.0,0.0,0.0,0.0,0.0,0.0,20.0,,,,,,,,,,,19.0
New Jersey,Polling,5630.0,0.0,0.0,0.0,0.0,0.0,0.0,0.0,0.0,35.53269489695289,,,,,,,,,,,126.0
New Mexico,Polling,7250.0,0.0,0.0,0.0,0.0,0.0,0.0,0.0,0.0,27.573261540597397,,,,,,,,,,,34.0
South Dakota,Polling,10000.0,0.0,0.0,0.0,0.0,0.0,0.0,0.0,0.0,20.0,,,,,,,,,,,16.0
Virgin Islands,Polling,10000.0,0.0,0.0,0.0,0.0,0.0,0.0,0.0,0.0,20.0,,,,,,,,,,,7.0
Puerto Rico,Polling,10000.0,0.0,0.0,0.0,0.0,0.0,0.0,0.0,0.0,20.0,,,,,,,,,,,51.0
Iowa,Similar States,38878.4,20.8,0.0,,8.5,7.9,21.5,1.4,14.9,89.6,,,,,,,,,,,
New Hampshire,Similar States,46598.3,20.4,0.0,0.9,12.0,10.5,22.6,1.8,16.1,91.2,,,,,,,,,,,
Nevada,Similar States,8787.2,15.8,0.0,0.3,11.5,5.0,25.6,1.9,10.0,81.5,,,,,,,,,,,
South Carolina,Similar States,10775.0,25.6,0.0,3.2,10.0,5.3,17.2,11.8,7.5,84.3,,,,,,,,,,,
Alabama,Similar States,155.3,24.8,0.0,0.4,9.3,5.4,18.5,3.4,8.1,7.2,,,,,,,,,,,
American Samoa,Similar States,0.0,0.0,0.0,0.0,0.0,0.0,0.0,0.0,0.0,0.0,,,,,,,,,,,
Arkansas,Similar States,1386.2,20.6,0.0,2.9,10.9,5.7,20.7,1.7,9.6,40.9,,,,,,,,,,,
California,Similar States,11383.5,17.0,0.0,0.3,10.7,5.2,24.4,2.9,10.1,85.1,,,,,,,,,,,
Colorado,Similar States,394.8,16.8,0.0,0.3,12.6,7.0,21.6,2.6,8.3,16.5,,,,,,,,,,,
Democrats Abroad,Similar States,0.0,0.0,0.0,0.0,0.0,0.0,0.0,0.0,0.0,0.0,,,,,,,,,,,
Maine,Similar States,685.6,17.0,0.0,,11.7,6.5,20.2,2.8,17.1,25.5,,,,,,,,,,,
Massachusetts,Similar States,1975.6,15.8,0.0,2.4,13.0,8.4,23.7,1.3,12.0,49.7,,,,,,,,,,,
Minnesota,Similar States,281.6,18.7,0.0,0.4,13.7,18.7,20.7,2.0,12.0,12.3,,,,,,,,,,,
North Carolina,Similar States,6254.8,20.2,0.0,1.8,11.4,5.7,20.4,1.7,8.4,75.8,,,,,,,,,,,
Oklahoma,Similar States,112.6,19.9,0.0,,12.2,6.2,19.3,15.7,7.5,5.3,,,,,,,,,,,
Tennessee,Similar States,35.3,19.2,0.0,2.9,13.1,5.7,20.4,1.7,7.9,1.7,,,,,,,,,,,
Texas,Similar States,6463.9,18.0,0.0,1.8,11.7,5.3,22.1,1.7,9.5,76.4,,,,,,,,,,,
Utah,Similar States,932.6,11.9,0.0,0.4,13.2,10.9,25.6,2.2,13.1,31.8,,,,,,,,,,,
Vermont,Similar States,0.0,15.4,0.0,0.8,13.9,9.2,22.8,2.1,13.4,0.0,,,,,,,,,,,
Virginia,Similar States,532.2,20.6,0.0,1.9,11.4,5.4,21.1,1.7,8.9,21.0,,,,,,,,,,,
Idaho,Similar States,0.0,10.5,0.0,0.4,11.0,4.7,27.1,1.1,11.8,0.0,,,,,,,,,,,
Michigan,Similar States,1933.0,21.0,0.0,3.5,12.1,5.5,20.2,1.4,7.8,49.1,,,,,,,,,,,
Mississippi,Similar States,156.3,23.9,0.0,1.8,10.5,5.2,17.5,4.0,7.4,7.2,,,,,,,,,,,
Missouri,Similar States,982.8,17.4,0.0,2.9,13.3,5.2,22.7,1.6,8.7,32.9,,,,,,,,,,,
North Dakota,Similar States,0.0,17.5,0.0,0.4,14.5,6.6,20.0,3.0,13.4,0.0,,,,,,,,,,,
Ohio,Similar States,1472.1,22.3,0.0,3.3,11.1,5.4,20.7,1.2,8.3,42.4,,,,,,,,,,,
Washington,Similar States,2971.3,8.6,0.0,,11.2,9.3,25.0,1.4,13.4,59.8,,,,,,,,,,,
Northern Marianas,Similar States,0.0,0.0,0.0,0.0,0.0,0.0,0.0,0.0,0.0,0.0,,,,,,,,,,,
Arizona,Similar States,1469.0,17.8,0.0,,11.3,5.9,21.7,2.8,8.6,42.3,,,,,,,,,,,
Florida,Similar States,6608.6,21.0,0.0,2.3,11.1,5.1,19.5,2.0,9.2,76.8,,,,,,,,,,,
Illinois,Similar States,642.8,20.2,0.0,2.6,12.1,5.6,20.4,1.7,8.2,24.3,,,,,,,,,,,
Georgia,Similar States,3737.1,24.7,0.0,1.4,9.9,5.3,18.1,3.9,8.6,65.1,,,,,,,,,,,
Alaska,Similar States,0.0,20.1,0.0,3.4,9.9,5.8,22.3,2.2,9.5,0.0,,,,,,,,,,,
Hawaii,Similar States,0.0,16.9,0.0,1.2,10.4,6.3,23.0,2.7,10.8,0.0,,,,,,,,,,,
Louisiana,Similar States,0.0,25.2,0.0,1.8,9.7,5.2,17.8,3.7,7.4,0.0,,,,,,,,,,,
Wyoming,Similar States,0.0,16.1,0.0,0.4,14.3,6.6,22.2,3.0,12.3,0.0,,,,,,,,,,,
Wisconsin,Similar States,5026.0,16.8,0.0,0.4,13.9,9.8,20.1,2.0,12.9,71.5,,,,,,,,,,,
Connecticut,Similar States,362.5,13.9,0.0,0.9,12.8,7.9,22.6,1.9,12.8,15.3,,,,,,,,,,,
Delaware,Similar States,421.1,21.4,0.0,5.4,11.3,5.3,21.9,1.5,8.9,17.4,,,,,,,,,,,
Maryland,Similar States,148.1,22.7,0.0,1.9,10.1,5.3,19.2,3.0,8.0,6.9,,,,,,,,,,,
New York,Similar States,1414.3,20.2,0.0,2.5,12.2,5.1,21.8,1.5,8.8,41.4,,,,,,,,,,,
Pennsylvania,Similar States,2971.8,21.4,0.0,1.9,11.6,5.3,21.1,1.6,8.6,59.8,,,,,,,,,,,
Rhode Island,Similar States,0.0,18.3,0.0,3.4,12.9,5.7,23.0,1.7,10.6,0.0,,,,,,,,,,,
Guam,Similar States,0.0,0.0,0.0,0.0,0.0,0.0,0.0,0.0,0.0,0.0,,,,,,,,,,,
Kansas,Similar States,0.0,12.1,0.0,0.4,13.5,11.3,24.7,2.0,13.0,0.0,,,,,,,,,,,
Indiana,Similar States,60.2,19.6,0.0,2.3,9.8,7.0,21.6,1.3,9.4,2.9,,,,,,,,,,,
Nebraska,Similar States,0.0,12.1,0.0,0.4,13.5,11.3,24.8,2.0,12.9,0.0,,,,,,,,,,,
West Virginia,Similar States,0.0,13.0,0.0,0.4,15.8,7.6,22.7,2.9,15.8,0.0,,,,,,,,,,,
Kentucky,Similar States,0.0,20.2,0.0,1.4,11.8,7.1,20.9,1.3,9.4,0.0,,,,,,,,,,,
Oregon,Similar States,59.8,8.6,0.0,,10.2,8.5,26.5,1.2,12.4,2.9,,,,,,,,,,,
District of Columbia,Similar States,0.0,25.8,0.0,1.2,9.2,5.0,18.5,3.7,7.3,0.0,,,,,,,,,,,
Montana,Similar States,0.0,10.5,0.0,0.4,11.0,4.7,27.1,1.1,11.8,0.0,,,,,,,,,,,
New Jersey,Similar States,1553.3,21.4,0.0,0.7,11.3,4.9,21.8,1.8,8.1,43.7,,,,,,,,,,,
New Mexico,Similar States,757.3,18.1,0.0,0.3,10.6,6.0,21.8,2.8,10.2,27.5,,,,,,,,,,,
South Dakota,Similar States,0.0,11.9,0.0,0.4,13.8,10.8,23.9,2.3,13.9,0.0,,,,,,,,,,,
Virgin Islands,Similar States,0.0,0.0,0.0,0.0,0.0,0.0,0.0,0.0,0.0,0.0,,,,,,,,,,,
Puerto Rico,Similar States,0.0,0.0,0.0,0.0,0.0,0.0,0.0,0.0,0.0,0.0,,,,,,,,,,,
Iowa,Demographic Regression,0.0,25.5,0.0,1.0,11.8,5.9,23.5,6.1,16.2,3.5,,,,,,,,,,,
New Hampshire,Demographic Regression,0.0,11.9,0.0,2.0,19.0,14.1,27.5,7.9,17.3,2.9,,,,,,,,,,,
Nevada,Demographic Regression,0.0,21.4,0.0,1.2,9.3,3.8,24.9,7.8,11.8,0.0,,,,,,,,,,,
South Carolina,Demographic Regression,0.0,31.5,0.0,3.9,6.1,4.1,16.1,11.9,8.3,0.0,,,,,,,,,,,
Alabama,Demographic Regression,0.0,33.2,0.0,3.8,6.4,4.2,16.6,1.9,8.7,0.0,,,,,,,,,,,
American Samoa,Demographic Regression,0.0,21.9,0.0,2.4,9.8,4.5,22.6,1.8,11.6,0.0,,,,,,,,,,,
Arkansas,Demographic Regression,0.0,29.8,0.0,3.4,8.0,4.9,18.0,1.9,9.4,0.0,,,,,,,,,,,
California,Demographic Regression,0.0,20.9,0.0,1.3,8.2,3.5,25.4,2.7,11.5,0.0,,,,,,,,,,,
Colorado,Demographic Regression,0.0,15.8,0.0,1.2,9.6,3.9,30.7,2.8,11.8,0.0,,,,,,,,,,,
Democrats Abroad,Demographic Regression,0.0,21.9,0.0,2.4,9.8,4.5,40.0,1.8,11.6,0.0,,,,,,,,,,,
Maine,Demographic Regression,0.0,15.3,0.0,2.1,12.9,4.3,24.9,2.9,14.5,0.0,,,,,,,,,,,
Massachusetts,Demographic Regression,0.0,14.8,0.0,2.1,12.9,4.3,25.2,2.8,16.8,0.0,,,,,,,,,,,
Minnesota,Demographic Regression,0.0,16.5,0.0,1.1,14.6,22.1,23.9,1.0,12.5,0.0,,,,,,,,,,,
North Carolina,Demographic Regression,0.0,30.3,0.0,3.5,7.7,4.8,18.0,1.9,9.5,0.0,,,,,,,,,,,
Oklahoma,Demographic Regression,0.0,19.6,0.0,3.2,8.2,5.1,30.1,1.8,9.4,0.0,,,,,,,,,,,
Tennessee,Demographic Regression,0.0,30.4,0.0,3.5,7.9,4.8,18.4,1.9,9.8,0.0,,,,,,,,,,,
Texas,Demographic Regression,0.0,22.6,0.0,3.4,6.5,4.5,23.8,1.8,14.2,0.0,,,,,,,,,,,
Utah,Demographic Regression,0.0,15.4,0.0,1.1,11.0,4.3,27.9,2.8,12.3,0.0,,,,,,,,,,,
Vermont,Demographic Regression,0.0,14.3,0.0,2.0,13.6,4.5,65.1,2.9,15.2,0.0,,,,,,,,,,,
Virginia,Demographic Regression,0.0,28.8,0.0,3.4,7.6,7.7,26.8,1.9,12.8,0.0,,,,,,,,,,,
Idaho,Demographic Regression,0.0,19.5,0.0,1.1,10.9,4.3,34.1,2.8,8.0,0.0,,,,,,,,,,,
Michigan,Demographic Regression,0.0,18.4,0.0,1.3,13.9,6.9,22.9,1.0,11.7,0.0,,,,,,,,,,,
Mississippi,Demographic Regression,0.0,35.9,0.0,4.0,5.5,3.9,15.6,1.9,7.9,0.0,,,,,,,,,,,
Missouri,Demographic Regression,0.0,28.3,0.0,3.3,8.1,4.9,19.0,1.9,10.0,0.0,,,,,,,,,,,
North Dakota,Demographic Regression,0.0,16.8,0.0,1.1,15.0,7.4,30.7,1.0,11.8,0.0,,,,,,,,,,,
Ohio,Demographic Regression,0.0,18.0,0.0,1.2,13.9,6.9,22.2,1.0,11.5,0.0,,,,,,,,,,,
Washington,Demographic Regression,0.0,14.4,0.0,1.0,10.4,4.1,25.5,2.8,12.6,0.0,,,,,,,,,,,
Northern Marianas,Demographic Regression,0.0,21.9,0.0,2.4,9.8,4.5,22.6,1.8,11.6,0.0,,,,,,,,,,,
Arizona,Demographic Regression,0.0,31.2,0.0,1.2,10.1,4.1,24.4,2.8,11.7,0.0,,,,,,,,,,,
Florida,Demographic Regression,0.0,26.9,0.0,3.4,6.9,4.6,18.4,1.8,16.0,0.0,,,,,,,,,,,
Illinois,Demographic Regression,0.0,19.4,0.0,1.4,13.3,6.7,22.6,1.0,11.5,0.0,,,,,,,,,,,
Georgia,Demographic Regression,0.0,33.0,0.0,3.7,6.4,4.2,16.7,1.9,8.7,0.0,,,,,,,,,,,
Alaska,Demographic Regression,0.0,24.4,0.0,1.0,11.0,4.3,25.4,2.9,12.9,0.0,,,,,,,,,,,
Hawaii,Demographic Regression,0.0,14.7,0.0,1.2,8.1,3.5,24.5,2.7,11.7,0.0,,,,,,,,,,,
Louisiana,Demographic Regression,0.0,34.2,0.0,3.8,6.1,4.1,16.4,1.9,8.2,0.0,,,,,,,,,,,
Wyoming,Demographic Regression,0.0,25.8,0.0,1.1,11.0,4.4,29.7,2.8,11.8,0.0,,,,,,,,,,,
Wisconsin,Demographic Regression,0.0,16.6,0.0,1.1,14.6,7.1,23.8,1.0,12.4,0.0,,,,,,,,,,,
Connecticut,Demographic Regression,0.0,16.5,0.0,2.2,12.3,4.0,24.5,2.9,14.3,0.0,,,,,,,,,,,
Delaware,Demographic Regression,0.0,36.9,0.0,2.2,12.4,4.1,24.0,2.9,14.1,0.0,,,,,,,,,,,
Maryland,Demographic Regression,0.0,26.0,0.0,2.7,10.6,3.3,22.4,2.9,13.1,0.0,,,,,,,,,,,
New York,Demographic Regression,0.0,27.6,0.0,2.3,11.4,3.7,24.2,2.8,13.7,0.0,,,,,,,,,,,
Pennsylvania,Demographic Regression,0.0,23.4,0.0,1.3,13.9,6.9,23.1,1.0,11.9,0.0,,,,,,,,,,,
Rhode Island,Demographic Regression,0.0,15.9,0.0,2.1,12.6,4.1,24.3,2.8,14.2,0.0,,,,,,,,,,,
Guam,Demographic Regression,0.0,21.9,0.0,2.4,9.8,4.5,22.6,1.8,11.6,0.0,,,,,,,,,,,
Kansas,Demographic Regression,0.0,16.3,0.0,1.1,15.0,7.3,29.2,1.0,12.5,0.0,,,,,,,,,,,
Indiana,Demographic Regression,0.0,18.0,0.0,1.3,19.0,6.9,23.5,1.0,12.1,0.0,,,,,,,,,,,
Nebraska,Demographic Regression,0.0,17.1,0.0,1.1,15.0,7.3,28.5,1.0,12.3,0.0,,,,,,,,,,,
West Virginia,Demographic Regression,0.0,26.6,0.0,3.0,9.3,5.5,31.2,1.8,4.0,0.0,,,,,,,,,,,
Kentucky,Demographic Regression,0.0,22.8,0.0,3.2,8.7,5.2,26.5,1.9,10.5,0.0,,,,,,,,,,,
Oregon,Demographic Regression,0.0,19.6,0.0,1.0,10.5,4.1,25.3,2.8,12.5,0.0,,,,,,,,,,,
District of Columbia,Demographic Regression,0.0,34.7,0.0,4.0,4.9,3.6,17.3,1.9,8.3,0.0,,,,,,,,,,,
Montana,Demographic Regression,0.0,18.2,0.0,1.1,11.2,4.5,24.2,2.8,12.0,0.0,,,,,,,,,,,
New Jersey,Demographic Regression,0.0,22.6,0.0,7.3,12.0,3.9,23.8,2.9,13.8,0.0,,,,,,,,,,,
New Mexico,Demographic Regression,0.0,15.1,0.0,1.1,9.5,3.9,25.1,2.8,11.8,0.0,,,,,,,,,,,
South Dakota,Demographic Regression,0.0,16.4,0.0,1.1,14.8,7.3,27.4,1.0,12.0,0.0,,,,,,,,,,,
Virgin Islands,Demographic Regression,0.0,21.9,0.0,2.4,9.8,4.5,22.6,1.8,11.6,0.0,,,,,,,,,,,
Puerto Rico,Demographic Regression,0.0,21.9,0.0,2.4,9.8,4.5,22.6,1.8,11.6,0.0,,,,,,,,,,,
Iowa,,,,,,,,,,,,,,,,,,,,,Adjustments for trends & other factors,
New Hampshire,,,,,,,,,,,,,,,,,,,,,Adjustments for trends & other factors,
Nevada,,,,,,,,,,,,,,,,,,,,,Adjustments for trends & other factors,
South Carolina,,,,,,,,,,,,,,,,,,,,,Adjustments for trends & other factors,
Alabama,,,,,,,,,,,,,,,,,,,,,Adjustments for trends & other factors,
American Samoa,,,,,,,,,,,,,,,,,,,,,Adjustments for trends & other factors,
Arkansas,,,,,,,,,,,,,,,,,,,,,Adjustments for trends & other factors,
California,,,,,,,,,,,,,,,,,,,,,Adjustments for trends & other factors,
Colorado,,,,,,,,,,,,,,,,,,,,,Adjustments for trends & other factors,
Democrats Abroad,,,,,,,,,,,,,,,,,,,,,Adjustments for trends & other factors,
Maine,,,,,,,,,,,,,,,,,,,,,Adjustments for trends & other factors,
Massachusetts,,,,,,,,,,,,,,,,,,,,,Adjustments for trends & other factors,
Minnesota,,,,,,,,,,,,,,,,,,,,,Adjustments for trends & other factors,
North Carolina,,,,,,,,,,,,,,,,,,,,,Adjustments for trends & other factors,
Oklahoma,,,,,,,,,,,,,,,,,,,,,Adjustments for trends & other factors,
Tennessee,,,,,,,,,,,,,,,,,,,,,Adjustments for trends & other factors,
Texas,,,,,,,,,,,,,,,,,,,,,Adjustments for trends & other factors,
Utah,,,,,,,,,,,,,,,,,,,,,Adjustments for trends & other factors,
Vermont,,,,,,,,,,,,,,,,,,,,,Adjustments for trends & other factors,
Virginia,,,,,,,,,,,,,,,,,,,,,Adjustments for trends & other factors,
Idaho,,,,,,,,,,,,,,,,,,,,,Adjustments for trends & other factors,
Michigan,,,,,,,,,,,,,,,,,,,,,Adjustments for trends & other factors,
Mississippi,,,,,,,,,,,,,,,,,,,,,Adjustments for trends & other factors,
Missouri,,,,,,,,,,,,,,,,,,,,,Adjustments for trends & other factors,
North Dakota,,,,,,,,,,,,,,,,,,,,,Adjustments for trends & other factors,
Ohio,,,,,,,,,,,,,,,,,,,,,Adjustments for trends & other factors,
Washington,,,,,,,,,,,,,,,,,,,,,Adjustments for trends & other factors,
Northern Marianas,,,,,,,,,,,,,,,,,,,,,Adjustments for trends & other factors,
Arizona,,,,,,,,,,,,,,,,,,,,,Adjustments for trends & other factors,
Florida,,,,,,,,,,,,,,,,,,,,,Adjustments for trends & other factors,
Illinois,,,,,,,,,,,,,,,,,,,,,Adjustments for trends & other factors,
Georgia,,,,,,,,,,,,,,,,,,,,,Adjustments for trends & other factors,
Alaska,,,,,,,,,,,,,,,,,,,,,Adjustments for trends & other factors,
Hawaii,,,,,,,,,,,,,,,,,,,,,Adjustments for trends & other factors,
Louisiana,,,,,,,,,,,,,,,,,,,,,Adjustments for trends & other factors,
Wyoming,,,,,,,,,,,,,,,,,,,,,Adjustments for trends & other factors,
Wisconsin,,,,,,,,,,,,,,,,,,,,,Adjustments for trends & other factors,
Connecticut,,,,,,,,,,,,,,,,,,,,,Adjustments for trends & other factors,
Delaware,,,,,,,,,,,,,,,,,,,,,Adjustments for trends & other factors,
Maryland,,,,,,,,,,,,,,,,,,,,,Adjustments for trends & other factors,
New York,,,,,,,,,,,,,,,,,,,,,Adjustments for trends & other factors,
Pennsylvania,,,,,,,,,,,,,,,,,,,,,Adjustments for trends & other factors,
Rhode Island,,,,,,,,,,,,,,,,,,,,,Adjustments for trends & other factors,
Guam,,,,,,,,,,,,,,,,,,,,,Adjustments for trends & other factors,
Kansas,,,,,,,,,,,,,,,,,,,,,Adjustments for trends & other factors,
Indiana,,,,,,,,,,,,,,,,,,,,,Adjustments for trends & other factors,
Nebraska,,,,,,,,,,,,,,,,,,,,,Adjustments for trends & other factors,
West Virginia,,,,,,,,,,,,,,,,,,,,,Adjustments for trends & other factors,
Kentucky,,,,,,,,,,,,,,,,,,,,,Adjustments for trends & other factors,
Oregon,,,,,,,,,,,,,,,,,,,,,Adjustments for trends & other factors,
District of Columbia,,,,,,,,,,,,,,,,,,,,,Adjustments for trends & other factors,
Montana,,,,,,,,,,,,,,,,,,,,,Adjustments for trends & other factors,
New Jersey,,,,,,,,,,,,,,,,,,,,,Adjustments for trends & other factors,
New Mexico,,,,,,,,,,,,,,,,,,,,,Adjustments for trends & other factors,
South Dakota,,,,,,,,,,,,,,,,,,,,,Adjustments for trends & other factors,
Virgin Islands,,,,,,,,,,,,,,,,,,,,,Adjustments for trends & other factors,
Puerto Rico,,,,,,,,,,,,,,,,,,,,,Adjustments for trends & other factors,
Iowa,Projected Vote,19.9,3.1,0.0,15.8,9.0,23.2,3.5,15.5,4.0,,,,,,,,,,,,
New Hampshire,Projected Vote,10.4,0.0,0.0,22.0,10.7,28.5,3.0,12.6,3.6,,,,,,,,,,,,
Nevada,Projected Vote,20.0,0.0,0.0,11.8,8.3,28.4,17.9,11.4,0.0,,,,,,,,,,,,
South Carolina,Projected Vote,35.9,0.0,0.0,9.9,6.2,23.9,15.0,7.1,0.0,,,,,,,,,,,,
Alabama,Projected Vote,36.9,18.6,0.0,7.7,4.7,18.4,2.1,9.6,0.0,,,,,,,,,,,,
American Samoa,Projected Vote,25.3,14.6,0.0,11.4,5.2,26.1,2.1,13.4,0.0,,,,,,,,,,,,
Arkansas,Projected Vote,24.4,24.2,0.0,13.4,5.9,19.5,2.0,8.6,0.0,,,,,,,,,,,,
California,Projected Vote,16.2,15.2,0.0,11.1,5.8,31.4,2.9,15.4,0.0,,,,,,,,,,,,
Colorado,Projected Vote,17.3,13.8,0.0,11.1,4.4,34.3,2.9,14.1,0.0,,,,,,,,,,,,
Democrats Abroad,Projected Vote,21.0,12.1,0.0,9.4,4.3,38.4,1.7,11.1,0.0,,,,,,,,,,,,
Maine,Projected Vote,16.3,16.4,0.0,14.4,4.7,26.7,3.2,16.3,0.0,,,,,,,,,,,,
Massachusetts,Projected Vote,13.8,15.9,0.0,13.6,6.1,24.1,3.2,21.3,0.0,,,,,,,,,,,,
Minnesota,Projected Vote,14.4,12.3,0.0,13.8,21.1,22.9,1.0,12.5,0.0,,,,,,,,,,,,
North Carolina,Projected Vote,25.9,21.7,0.0,10.6,5.6,22.5,2.7,9.1,0.0,,,,,,,,,,,,
Oklahoma,Projected Vote,21.2,18.3,0.0,9.2,5.6,31.6,2.0,10.1,0.0,,,,,,,,,,,,
Tennessee,Projected Vote,32.9,18.5,0.0,8.6,5.2,20.0,2.1,10.7,0.0,,,,,,,,,,,,
Texas,Projected Vote,22.9,18.0,0.0,9.7,5.6,26.1,2.4,13.4,0.0,,,,,,,,,,,,
Utah,Projected Vote,14.0,17.3,0.0,11.3,5.5,33.7,2.4,13.9,0.0,,,,,,,,,,,,
Vermont,Projected Vote,10.8,11.3,0.0,10.2,3.4,48.8,2.2,11.4,0.0,,,,,,,,,,,,
Virginia,Projected Vote,26.6,16.3,0.0,8.8,7.4,25.4,1.8,11.7,0.0,,,,,,,,,,,,
Idaho,Projected Vote,20.6,13.7,0.0,11.5,4.6,36.1,3.0,8.5,0.0,,,,,,,,,,,,
Michigan,Projected Vote,21.6,16.3,0.0,12.7,6.4,27.4,1.3,12.3,0.0,,,,,,,,,,,,
Mississippi,Projected Vote,40.5,18.5,0.0,6.2,4.5,17.5,2.1,8.6,0.0,,,,,,,,,,,,
Missouri,Projected Vote,30.6,23.5,0.0,8.9,6.7,17.2,1.6,9.4,0.0,,,,,,,,,,,,
North Dakota,Projected Vote,17.2,13.5,0.0,15.3,7.5,31.4,1.0,12.0,0.0,,,,,,,,,,,,
Washington,Projected Vote,15.4,18.2,0.0,11.9,5.1,30.7,2.6,14.1,0.0,,,,,,,,,,,,
Northern Marianas,Projected Vote,25.3,14.6,0.0,11.4,5.2,26.1,2.1,13.4,0.0,,,,,,,,,,,,
Ohio,Projected Vote,22.3,16.6,0.0,13.5,6.6,25.9,1.8,11.4,0.0,,,,,,,,,,,,
Arizona,Projected Vote,26.9,13.5,0.0,11.7,4.9,26.8,2.4,11.8,0.0,,,,,,,,,,,,
Florida,Projected Vote,27.0,24.9,0.0,10.0,8.0,17.7,1.7,8.6,0.0,,,,,,,,,,,,
Illinois,Projected Vote,20.8,15.2,0.0,15.8,7.3,24.7,1.6,12.7,0.0,,,,,,,,,,,,
Georgia,Projected Vote,35.7,20.6,0.0,8.1,5.2,20.3,2.1,6.0,0.0,,,,,,,,,,,,
Puerto Rico,Projected Vote,25.3,14.6,0.0,11.4,5.2,26.1,2.1,13.4,0.0,,,,,,,,,,,,
Alaska,Projected Vote,25.6,13.2,0.0,11.5,4.6,26.7,3.0,13.5,0.0,,,,,,,,,,,,
Hawaii,Projected Vote,18.8,14.6,0.0,10.4,4.4,31.3,3.5,15.0,0.0,,,,,,,,,,,,
Louisiana,Projected Vote,38.3,18.6,0.0,6.8,4.6,18.4,2.1,9.2,0.0,,,,,,,,,,,,
Wyoming,Projected Vote,25.6,13.1,0.0,10.9,4.3,29.5,2.8,11.7,0.0,,,,,,,,,,,,
Wisconsin,Projected Vote,16.5,16.9,0.0,14.4,7.0,28.8,1.3,13.0,0.0,,,,,,,,,,,,
Connecticut,Projected Vote,19.3,15.9,0.0,13.4,4.4,26.5,3.1,15.4,0.0,,,,,,,,,,,,
Delaware,Projected Vote,33.3,14.1,0.0,11.1,3.9,21.7,2.3,11.6,0.0,,,,,,,,,,,,
Maryland,Projected Vote,27.5,15.3,0.0,11.2,3.7,23.4,3.0,13.9,0.0,,,,,,,,,,,,
New York,Projected Vote,24.0,23.8,0.0,10.0,4.1,22.4,2.6,11.1,0.0,,,,,,,,,,,,
Pennsylvania,Projected Vote,24.2,16.0,0.0,13.3,7.2,24.8,1.3,11.1,0.0,,,,,,,,,,,,
Rhode Island,Projected Vote,17.5,16.5,0.0,13.9,4.5,26.8,3.1,15.7,0.0,,,,,,,,,,,,
Guam,Projected Vote,25.3,14.6,0.0,11.4,5.2,26.1,2.1,13.4,0.0,,,,,,,,,,,,
Kansas,Projected Vote,17.0,13.4,0.0,15.6,7.6,30.4,1.0,13.0,0.0,,,,,,,,,,,,
Indiana,Projected Vote,18.9,13.3,0.0,20.1,7.2,24.8,1.1,12.5,0.0,,,,,,,,,,,,
Nebraska,Projected Vote,17.8,13.6,0.0,15.6,7.6,29.6,1.0,12.8,0.0,,,,,,,,,,,,
West Virginia,Projected Vote,27.2,17.8,0.0,9.5,5.6,31.9,1.9,4.1,0.0,,,,,,,,,,,,
Kentucky,Projected Vote,24.1,18.1,0.0,9.2,5.5,28.0,2.0,11.1,0.0,,,,,,,,,,,,
Oregon,Projected Vote,21.8,14.0,0.0,11.9,4.7,28.6,3.2,13.9,0.0,,,,,,,,,,,,
District of Columbia,Projected Vote,39.4,17.6,0.0,5.5,4.1,19.7,2.2,9.5,0.0,,,,,,,,,,,,
Montana,Projected Vote,20.7,15.3,0.0,12.7,5.1,27.5,3.2,13.6,0.0,,,,,,,,,,,,
New Jersey,Projected Vote,22.2,16.6,0.0,11.7,4.9,26.5,2.0,14.0,0.0,,,,,,,,,,,,
New Mexico,Projected Vote,19.6,14.7,0.0,11.0,4.9,33.2,2.8,11.8,0.0,,,,,,,,,,,,
South Dakota,Projected Vote,17.5,13.8,0.0,15.8,7.7,29.3,1.1,12.8,0.0,,,,,,,,,,,,
Virgin Islands,Projected Vote,25.3,14.6,0.0,11.4,5.2,26.1,2.1,13.4,0.0,,,,,,,,,,,,
Iowa,,,,,,,,,,,,,,,,,,,,,"Simulate Iowa 10,000 times.",
New Hampshire,,,,,,,,,,,,,,,,,,,,,"Simulate New Hampshire 10,000 times.",
Nevada,,,,,,,,,,,,,,,,,,,,,"Simulate Nevada 10,000 times.",
South Carolina,,,,,,,,,,,,,,,,,,,,,"Simulate South Carolina 10,000 times.",
Alabama,,,,,,,,,,,,,,,,,,,,,"Simulate Alabama 10,000 times.",
American Samoa,,,,,,,,,,,,,,,,,,,,,"Simulate American Samoa 10,000 times.",
Arkansas,,,,,,,,,,,,,,,,,,,,,"Simulate Arkansas 10,000 times.",
California,,,,,,,,,,,,,,,,,,,,,"Simulate California 10,000 times.",
Colorado,,,,,,,,,,,,,,,,,,,,,"Simulate Colorado 10,000 times.",
Democrats Abroad,,,,,,,,,,,,,,,,,,,,,"Simulate Democrats Abroad 10,000 times.",
Maine,,,,,,,,,,,,,,,,,,,,,"Simulate Maine 10,000 times.",
Massachusetts,,,,,,,,,,,,,,,,,,,,,"Simulate Massachusetts 10,000 times.",
Minnesota,,,,,,,,,,,,,,,,,,,,,"Simulate Minnesota 10,000 times.",
North Carolina,,,,,,,,,,,,,,,,,,,,,"Simulate North Carolina 10,000 times.",
Oklahoma,,,,,,,,,,,,,,,,,,,,,"Simulate Oklahoma 10,000 times.",
Tennessee,,,,,,,,,,,,,,,,,,,,,"Simulate Tennessee 10,000 times.",
Texas,,,,,,,,,,,,,,,,,,,,,"Simulate Texas 10,000 times.",
Utah,,,,,,,,,,,,,,,,,,,,,"Simulate Utah 10,000 times.",
Vermont,,,,,,,,,,,,,,,,,,,,,"Simulate Vermont 10,000 times.",
Virginia,,,,,,,,,,,,,,,,,,,,,"Simulate Virginia 10,000 times.",
Idaho,,,,,,,,,,,,,,,,,,,,,"Simulate Idaho 10,000 times.",
Michigan,,,,,,,,,,,,,,,,,,,,,"Simulate Michigan 10,000 times.",
Mississippi,,,,,,,,,,,,,,,,,,,,,"Simulate Mississippi 10,000 times.",
Missouri,,,,,,,,,,,,,,,,,,,,,"Simulate Missouri 10,000 times.",
North Dakota,,,,,,,,,,,,,,,,,,,,,"Simulate North Dakota 10,000 times.",
Ohio,,,,,,,,,,,,,,,,,,,,,"Simulate Ohio 10,000 times.",
Washington,,,,,,,,,,,,,,,,,,,,,"Simulate Washington 10,000 times.",
Northern Marianas,,,,,,,,,,,,,,,,,,,,,"Simulate Northern Marianas 10,000 times.",
Arizona,,,,,,,,,,,,,,,,,,,,,"Simulate Arizona 10,000 times.",
Florida,,,,,,,,,,,,,,,,,,,,,"Simulate Florida 10,000 times.",
Illinois,,,,,,,,,,,,,,,,,,,,,"Simulate Illinois 10,000 times.",
Georgia,,,,,,,,,,,,,,,,,,,,,"Simulate Georgia 10,000 times.",
Alaska,,,,,,,,,,,,,,,,,,,,,"Simulate Alaska 10,000 times.",
Hawaii,,,,,,,,,,,,,,,,,,,,,"Simulate Hawaii 10,000 times.",
Louisiana,,,,,,,,,,,,,,,,,,,,,"Simulate Louisiana 10,000 times.",
Wyoming,,,,,,,,,,,,,,,,,,,,,"Simulate Wyoming 10,000 times.",
Wisconsin,,,,,,,,,,,,,,,,,,,,,"Simulate Wisconsin 10,000 times.",
Connecticut,,,,,,,,,,,,,,,,,,,,,"Simulate Connecticut 10,000 times.",
Delaware,,,,,,,,,,,,,,,,,,,,,"Simulate Delaware 10,000 times.",
Maryland,,,,,,,,,,,,,,,,,,,,,"Simulate Maryland 10,000 times.",
New York,,,,,,,,,,,,,,,,,,,,,"Simulate New York 10,000 times.",
Pennsylvania,,,,,,,,,,,,,,,,,,,,,"Simulate Pennsylvania 10,000 times.",
Rhode Island,,,,,,,,,,,,,,,,,,,,,"Simulate Rhode Island 10,000 times.",
Guam,,,,,,,,,,,,,,,,,,,,,"Simulate Guam 10,000 times.",
Kansas,,,,,,,,,,,,,,,,,,,,,"Simulate Kansas 10,000 times.",
Indiana,,,,,,,,,,,,,,,,,,,,,"Simulate Indiana 10,000 times.",
Nebraska,,,,,,,,,,,,,,,,,,,,,"Simulate Nebraska 10,000 times.",
West Virginia,,,,,,,,,,,,,,,,,,,,,"Simulate West Virginia 10,000 times.",
Kentucky,,,,,,,,,,,,,,,,,,,,,"Simulate Kentucky 10,000 times.",
Oregon,,,,,,,,,,,,,,,,,,,,,"Simulate Oregon 10,000 times.",
District of Columbia,,,,,,,,,,,,,,,,,,,,,"Simulate District of Columbia 10,000 times.",
Montana,,,,,,,,,,,,,,,,,,,,,"Simulate Montana 10,000 times.",
New Jersey,,,,,,,,,,,,,,,,,,,,,"Simulate New Jersey 10,000 times.",
New Mexico,,,,,,,,,,,,,,,,,,,,,"Simulate New Mexico 10,000 times.",
South Dakota,,,,,,,,,,,,,,,,,,,,,"Simulate South Dakota 10,000 times.",
Virgin Islands,,,,,,,,,,,,,,,,,,,,,"Simulate Virgin Islands 10,000 times.",
Puerto Rico,,,,,,,,,,,,,,,,,,,,,"Simulate Puerto Rico 10,000 times.",
Iowa,Chance of winning Iowa-->,25.8,0.0,0.0,14.4,4.6,38.5,1.7,13.2,1.8,,,,,,,,,,,,
New Hampshire,Chance of winning New Hampshire-->,4.7,0.0,0.0,26.7,4.8,54.2,1.0,7.2,1.3,,,,,,,,,,,,
Nevada,Chance of winning Nevada-->,18.5,0.0,0.0,4.7,2.3,56.3,13.9,4.1,0.0,,,,,,,,,,,,
South Carolina,Chance of winning South Carolina-->,74.6,0.0,0.0,1.5,0.6,18.4,4.0,0.7,0.0,,,,,,,,,,,,
Alabama,Chance of winning Alabama-->,80.7,8.2,0.0,0.9,0.5,7.9,0.3,1.4,0.0,,,,,,,,,,,,
American Samoa,Chance of winning American Samoa-->,37.4,7.7,0.0,4.4,1.0,42.0,0.5,6.7,0.0,,,,,,,,,,,,
Arkansas,Chance of winning Arkansas-->,35.4,34.0,0.0,7.1,1.6,18.3,0.7,2.6,0.0,,,,,,,,,,,,
California,Chance of winning California-->,9.4,7.7,0.0,3.7,1.3,68.3,0.7,8.5,0.0,,,,,,,,,,,,
Colorado,Chance of winning Colorado-->,9.1,4.7,0.0,2.8,0.7,76.8,0.4,5.3,0.0,,,,,,,,,,,,
Democrats Abroad,Chance of winning Democrats Abroad-->,10.1,2.1,0.0,1.1,0.4,84.6,0.1,1.6,0.0,,,,,,,,,,,,
Maine,Chance of winning Maine-->,12.5,12.5,0.0,9.4,1.4,50.6,0.8,12.4,0.0,,,,,,,,,,,,
Massachusetts,Chance of winning Massachusetts-->,8.8,12.3,0.0,8.5,2.0,39.6,0.7,27.7,0.0,,,,,,,,,,,,
Minnesota,Chance of winning Minnesota-->,10.5,7.0,0.0,10.1,27.8,35.9,0.7,7.6,0.0,,,,,,,,,,,,
North Carolina,Chance of winning North Carolina-->,40.9,23.6,0.0,4.0,1.3,26.6,0.5,2.8,0.0,,,,,,,,,,,,
Oklahoma,Chance of winning Oklahoma-->,18.1,11.6,0.0,2.0,1.2,63.8,0.4,2.6,0.0,,,,,,,,,,,,
Tennessee,Chance of winning Tennessee-->,68.5,11.3,0.0,1.7,0.8,14.0,0.4,3.1,0.0,,,,,,,,,,,,
Texas,Chance of winning Texas-->,29.0,14.3,0.0,3.4,1.4,43.3,0.7,7.4,0.0,,,,,,,,,,,,
Utah,Chance of winning Utah-->,5.4,9.2,0.0,3.1,0.9,75.2,0.5,5.3,0.0,,,,,,,,,,,,
Vermont,Chance of winning Vermont-->,0.2,0.3,0.0,0.3,0.0,98.8,0.0,0.4,0.0,,,,,,,,,,,,
Virginia,Chance of winning Virginia-->,42.9,10.3,0.0,2.6,1.7,36.9,0.5,4.7,0.0,,,,,,,,,,,,
Idaho,Chance of winning Idaho-->,12.7,3.9,0.0,2.6,0.5,78.3,0.3,1.5,0.0,,,,,,,,,,,,
Michigan,Chance of winning Michigan-->,24.7,11.2,0.0,6.0,1.8,49.4,0.6,5.8,0.0,,,,,,,,,,,,
Mississippi,Chance of winning Mississippi-->,87.0,6.1,0.0,0.4,0.3,5.0,0.2,0.8,0.0,,,,,,,,,,,,
Missouri,Chance of winning Missouri-->,57.7,25.0,0.0,2.0,1.5,10.3,0.4,2.8,0.0,,,,,,,,,,,,
North Dakota,Chance of winning North Dakota-->,11.3,5.7,0.0,8.7,1.9,67.1,0.4,4.6,0.0,,,,,,,,,,,,
Washington,Chance of winning Washington-->,9.2,13.0,0.0,4.8,1.3,63.4,0.6,7.3,0.0,,,,,,,,,,,,
Northern Marianas,Chance of winning Northern Marianas-->,36.1,8.1,0.0,5.0,1.5,41.4,0.6,7.0,0.0,,,,,,,,,,,,
Ohio,Chance of winning Ohio-->,27.5,12.8,0.0,8.0,2.4,42.6,0.7,5.4,0.0,,,,,,,,,,,,
Arizona,Chance of winning Arizona-->,40.4,6.4,0.0,4.4,1.2,40.9,0.8,5.3,0.0,,,,,,,,,,,,
Florida,Chance of winning Florida-->,43.1,33.2,0.0,3.7,2.5,13.5,0.6,3.0,0.0,,,,,,,,,,,,
Illinois,Chance of winning Illinois-->,24.4,11.1,0.0,12.9,2.7,39.7,0.9,7.8,0.0,,,,,,,,,,,,
Georgia,Chance of winning Georgia-->,70.7,12.6,0.0,1.6,0.8,12.6,0.4,1.1,0.0,,,,,,,,,,,,
Puerto Rico,Chance of winning Puerto Rico-->,35.1,8.9,0.0,5.3,1.8,40.1,1.0,7.3,0.0,,,,,,,,,,,,
Alaska,Chance of winning Alaska-->,34.9,6.9,0.0,5.7,1.5,41.1,1.2,8.3,0.0,,,,,,,,,,,,
Hawaii,Chance of winning Hawaii-->,15.2,8.2,0.0,4.4,1.6,60.3,1.2,8.7,0.0,,,,,,,,,,,,
Louisiana,Chance of winning Louisiana-->,77.4,9.5,0.0,1.2,0.8,8.4,0.4,2.0,0.0,,,,,,,,,,,,
Wyoming,Chance of winning Wyoming-->,32.2,6.1,0.0,4.4,1.1,49.7,1.0,5.0,0.0,,,,,,,,,,,,
Wisconsin,Chance of winning Wisconsin-->,12.3,12.9,0.0,10.1,2.7,52.4,1.0,7.8,0.0,,,,,,,,,,,,
Connecticut,Chance of winning Connecticut-->,19.5,12.7,0.0,8.8,2.4,41.6,1.7,12.3,0.0,,,,,,,,,,,,
Delaware,Chance of winning Delaware-->,60.0,7.1,0.0,5.0,1.3,19.5,1.0,5.4,0.0,,,,,,,,,,,,
Maryland,Chance of winning Maryland-->,41.6,10.3,0.0,6.3,1.7,28.3,1.5,9.4,0.0,,,,,,,,,,,,
New York,Chance of winning New York-->,29.5,28.9,0.0,5.0,1.9,25.6,1.7,6.5,0.0,,,,,,,,,,,,
Pennsylvania,Chance of winning Pennsylvania-->,32.3,12.3,0.0,8.9,3.7,34.2,1.4,6.2,0.0,,,,,,,,,,,,
Rhode Island,Chance of winning Rhode Island-->,15.8,13.5,0.0,10.1,2.2,43.2,1.8,12.4,0.0,,,,,,,,,,,,
Guam,Chance of winning Guam-->,33.3,9.7,0.0,6.6,2.5,36.8,1.3,8.8,0.0,,,,,,,,,,,,
Kansas,Chance of winning Kansas-->,12.9,7.9,0.0,11.7,3.5,54.1,1.1,7.8,0.0,,,,,,,,,,,,
Indiana,Chance of winning Indiana-->,18.3,9.0,0.0,22.3,3.8,35.4,1.4,8.7,0.0,,,,,,,,,,,,
Nebraska,Chance of winning Nebraska-->,14.9,8.5,0.0,11.6,3.6,50.2,1.4,8.6,0.0,,,,,,,,,,,,
West Virginia,Chance of winning West Virginia-->,30.8,11.1,0.0,3.6,2.0,49.0,1.0,1.7,0.0,,,,,,,,,,,,
Kentucky,Chance of winning Kentucky-->,28.4,14.4,0.0,4.9,2.6,41.1,1.6,6.2,0.0,,,,,,,,,,,,
Oregon,Chance of winning Oregon-->,22.7,9.3,0.0,7.5,2.5,44.6,2.1,9.8,0.0,,,,,,,,,,,,
District of Columbia,Chance of winning District of Columbia-->,69.9,9.3,0.0,1.8,1.4,12.3,1.1,3.4,0.0,,,,,,,,,,,,
Montana,Chance of winning Montana-->,21.1,12.1,0.0,9.2,3.1,41.0,2.1,10.0,0.0,,,,,,,,,,,,
New Jersey,Chance of winning New Jersey-->,24.1,13.6,0.0,8.1,3.1,37.1,1.9,10.5,0.0,,,,,,,,,,,,
New Mexico,Chance of winning New Mexico-->,16.3,9.1,0.0,6.0,2.5,56.5,1.7,6.9,0.0,,,,,,,,,,,,
South Dakota,Chance of winning South Dakota-->,15.0,9.4,0.0,12.6,4.6,46.3,1.6,9.0,0.0,,,,,,,,,,,,
Virgin Islands,Chance of winning Virgin Islands-->,31.7,10.6,0.0,7.3,3.0,34.4,1.9,9.5,0.0,,,,,,,,,,,,
Iowa,Projected Delegates,,,,,,,,,,,11.0,0.0,0.0,9.0,1.0,12.0,0.0,8.0,0.0,,41.0
New Hampshire,Projected Delegates,,,,,,,,,,,0.0,0.0,0.0,10.0,0.0,13.0,0.0,1.0,0.0,,24.0
Nevada,Projected Delegates,,,,,,,,,,,10.0,0.0,0.0,2.0,0.0,14.0,9.0,2.0,0.0,,36.0
South Carolina,Projected Delegates,,,,,,,,,,,26.0,0.0,0.0,2.0,0.0,18.0,8.0,0.0,0.0,,54.0
Alabama,Projected Delegates,,,,,,,,,,,25.0,13.0,0.0,1.0,0.0,12.0,0.0,1.0,0.0,,52.0
American Samoa,Projected Delegates,,,,,,,,,,,3.0,0.0,0.0,0.0,0.0,3.0,0.0,0.0,0.0,,6.0
Arkansas,Projected Delegates,,,,,,,,,,,10.0,10.0,0.0,3.0,0.0,8.0,0.0,0.0,0.0,,31.0
California,Projected Delegates,,,,,,,,,,,82.0,77.0,0.0,19.0,1.0,159.0,0.0,78.0,0.0,,416.0
Colorado,Projected Delegates,,,,,,,,,,,16.0,7.0,0.0,3.0,0.0,33.0,0.0,8.0,0.0,,67.0
Democrats Abroad,Projected Delegates,,,,,,,,,,,5.0,0.0,0.0,0.0,0.0,8.0,0.0,0.0,0.0,,13.0
Maine,Projected Delegates,,,,,,,,,,,5.0,5.0,0.0,3.0,0.0,7.0,0.0,5.0,0.0,,24.0
Massachusetts,Projected Delegates,,,,,,,,,,,10.0,19.0,0.0,9.0,0.0,28.0,0.0,25.0,0.0,,91.0
Minnesota,Projected Delegates,,,,,,,,,,,10.0,5.0,0.0,8.0,23.0,24.0,0.0,5.0,0.0,,75.0
North Carolina,Projected Delegates,,,,,,,,,,,38.0,32.0,0.0,4.0,0.0,33.0,0.0,2.0,0.0,,110.0
Oklahoma,Projected Delegates,,,,,,,,,,,10.0,9.0,0.0,1.0,0.0,16.0,0.0,1.0,0.0,,37.0
Tennessee,Projected Delegates,,,,,,,,,,,28.0,16.0,0.0,1.0,0.0,17.0,0.0,2.0,0.0,,64.0
Texas,Projected Delegates,,,,,,,,,,,68.0,54.0,0.0,6.0,1.0,77.0,0.0,22.0,0.0,,228.0
Utah,Projected Delegates,,,,,,,,,,,3.0,7.0,0.0,1.0,0.0,15.0,0.0,3.0,0.0,,29.0
Vermont,Projected Delegates,,,,,,,,,,,0.0,0.0,0.0,0.0,0.0,16.0,0.0,0.0,0.0,,16.0
Virginia,Projected Delegates,,,,,,,,,,,35.0,21.0,0.0,2.0,1.0,33.0,0.0,6.0,0.0,,99.0
Idaho,Projected Delegates,,,,,,,,,,,7.0,0.0,0.0,0.0,0.0,13.0,0.0,0.0,0.0,,20.0
Michigan,Projected Delegates,,,,,,,,,,,35.0,26.0,0.0,10.0,1.0,44.0,0.0,9.0,0.0,,125.0
Mississippi,Projected Delegates,,,,,,,,,,,19.0,8.0,0.0,0.0,0.0,8.0,0.0,1.0,0.0,,36.0
Missouri,Projected Delegates,,,,,,,,,,,28.0,21.0,0.0,1.0,0.0,16.0,0.0,2.0,0.0,,68.0
North Dakota,Projected Delegates,,,,,,,,,,,4.0,0.0,0.0,3.0,0.0,7.0,0.0,0.0,0.0,,14.0
Washington,Projected Delegates,,,,,,,,,,,17.0,21.0,0.0,5.0,0.0,35.0,0.0,11.0,0.0,,89.0
Northern Marianas,Projected Delegates,,,,,,,,,,,3.0,0.0,0.0,0.0,0.0,3.0,0.0,0.0,0.0,,6.0
Ohio,Projected Delegates,,,,,,,,,,,39.0,29.0,0.0,14.0,1.0,46.0,0.0,7.0,0.0,,136.0
Arizona,Projected Delegates,,,,,,,,,,,26.0,7.0,0.0,4.0,0.0,26.0,0.0,4.0,0.0,,67.0
Florida,Projected Delegates,,,,,,,,,,,80.0,74.0,0.0,6.0,3.0,52.0,0.0,4.0,0.0,,219.0
Illinois,Projected Delegates,,,,,,,,,,,39.0,28.0,0.0,29.0,1.0,46.0,0.0,12.0,0.0,,155.0
Georgia,Projected Delegates,,,,,,,,,,,48.0,28.0,0.0,1.0,0.0,28.0,0.0,0.0,0.0,,105.0
Puerto Rico,Projected Delegates,,,,,,,,,,,25.0,0.0,0.0,0.0,0.0,26.0,0.0,0.0,0.0,,51.0
Alaska,Projected Delegates,,,,,,,,,,,7.0,0.0,0.0,0.0,0.0,8.0,0.0,0.0,0.0,,15.0
Hawaii,Projected Delegates,,,,,,,,,,,6.0,3.0,0.0,1.0,0.0,10.0,0.0,4.0,0.0,,24.0
Louisiana,Projected Delegates,,,,,,,,,,,27.0,13.0,0.0,0.0,0.0,13.0,0.0,1.0,0.0,,54.0
Wyoming,Projected Delegates,,,,,,,,,,,7.0,0.0,0.0,0.0,0.0,7.0,0.0,0.0,0.0,,14.0
Wisconsin,Projected Delegates,,,,,,,,,,,17.0,18.0,0.0,11.0,1.0,30.0,0.0,7.0,0.0,,84.0
Connecticut,Projected Delegates,,,,,,,,,,,14.0,11.0,0.0,6.0,0.0,19.0,0.0,11.0,0.0,,60.0
Delaware,Projected Delegates,,,,,,,,,,,13.0,0.0,0.0,0.0,0.0,8.0,0.0,0.0,0.0,,21.0
Maryland,Projected Delegates,,,,,,,,,,,34.0,19.0,0.0,4.0,0.0,29.0,0.0,11.0,0.0,,96.0
New York,Projected Delegates,,,,,,,,,,,86.0,86.0,0.0,8.0,0.0,81.0,0.0,13.0,0.0,,274.0
Pennsylvania,Projected Delegates,,,,,,,,,,,59.0,39.0,0.0,18.0,1.0,61.0,0.0,8.0,0.0,,186.0
Rhode Island,Projected Delegates,,,,,,,,,,,5.0,5.0,0.0,3.0,0.0,8.0,0.0,5.0,0.0,,26.0
Guam,Projected Delegates,,,,,,,,,,,3.0,0.0,0.0,0.0,0.0,4.0,0.0,0.0,0.0,,7.0
Kansas,Projected Delegates,,,,,,,,,,,9.0,4.0,0.0,8.0,0.0,15.0,0.0,3.0,0.0,,39.0
Indiana,Projected Delegates,,,,,,,,,,,20.0,8.0,0.0,21.0,1.0,26.0,0.0,6.0,0.0,,82.0
Nebraska,Projected Delegates,,,,,,,,,,,7.0,3.0,0.0,6.0,0.0,11.0,0.0,2.0,0.0,,29.0
West Virginia,Projected Delegates,,,,,,,,,,,10.0,6.0,0.0,1.0,0.0,11.0,0.0,0.0,0.0,,28.0
Kentucky,Projected Delegates,,,,,,,,,,,18.0,13.0,0.0,1.0,0.0,20.0,0.0,2.0,0.0,,54.0
Oregon,Projected Delegates,,,,,,,,,,,19.0,7.0,0.0,4.0,0.0,24.0,0.0,7.0,0.0,,61.0
District of Columbia,Projected Delegates,,,,,,,,,,,10.0,5.0,0.0,0.0,0.0,5.0,0.0,0.0,0.0,,20.0
Montana,Projected Delegates,,,,,,,,,,,5.0,4.0,0.0,1.0,0.0,7.0,0.0,2.0,0.0,,19.0
New Jersey,Projected Delegates,,,,,,,,,,,35.0,26.0,0.0,7.0,0.0,42.0,0.0,15.0,0.0,,126.0
New Mexico,Projected Delegates,,,,,,,,,,,10.0,5.0,0.0,1.0,0.0,16.0,0.0,2.0,0.0,,34.0
South Dakota,Projected Delegates,,,,,,,,,,,4.0,0.0,0.0,4.0,0.0,7.0,0.0,0.0,0.0,,16.0
Virgin Islands,Projected Delegates,,,,,,,,,,,3.0,0.0,0.0,0.0,0.0,4.0,0.0,0.0,0.0,,7.0
